{"index":7,"color":{"r":0.98431372549019602,"b":0.26666666666666666,"g":0.050980392156862744,"a":1},"parentId":"6646d8bd-6bf6-4371-88ab-92b820df7de5","name":"Pink","version":1}