{"index":5,"color":{"r":0.4823529411764706,"b":0.50588235294117645,"g":0.4823529411764706,"a":1},"parentId":"5694B221-7DC7-47CA-9495-FC9350E674FE","name":"Gray","version":1}