{"index":3,"color":{"r":0.2627450980392157,"b":0.31764705882352939,"g":0.83529411764705885,"a":1},"parentId":"6646d8bd-6bf6-4371-88ab-92b820df7de5","name":"Green","version":1}