{"index":6,"color":{"r":0.27058823529411763,"b":0.80000000000000004,"g":0.23529411764705882,"a":1},"parentId":"6646d8bd-6bf6-4371-88ab-92b820df7de5","name":"Purple","version":1}