{"index":3,"color":{"r":0.7803921568627451,"b":0.80392156862745101,"g":0.77647058823529413,"a":1},"parentId":"5694B221-7DC7-47CA-9495-FC9350E674FE","name":"Light Gray 2","version":1}