{"index":1,"color":{"r":0.92156862745098034,"b":0.94509803921568625,"g":0.92156862745098034,"a":1},"parentId":"5694B221-7DC7-47CA-9495-FC9350E674FE","name":"Custom Gray","version":1}