{"index":2,"color":{"r":0.99607843137254903,"b":0.035294117647058823,"g":0.76470588235294112,"a":1},"parentId":"6646d8bd-6bf6-4371-88ab-92b820df7de5","name":"Yellow","version":1}