{"index":1,"color":{"r":0.99215686274509807,"b":0.031372549019607843,"g":0.50980392156862742,"a":1},"parentId":"6646d8bd-6bf6-4371-88ab-92b820df7de5","name":"Orange","version":1}