{"index":0,"color":{"r":0.9882352941176471,"b":0.14509803921568629,"g":0.12941176470588237,"a":1},"parentId":"6646d8bd-6bf6-4371-88ab-92b820df7de5","name":"Red","version":1}