{"index":4,"color":{"r":0.73333333333333328,"b":0.75686274509803919,"g":0.73333333333333328,"a":1},"parentId":"5694B221-7DC7-47CA-9495-FC9350E674FE","name":"Mid Gray","version":1}