{"index":2,"color":{"r":0.87450980392156863,"b":0.89803921568627454,"g":0.87058823529411766,"a":1},"parentId":"5694B221-7DC7-47CA-9495-FC9350E674FE","name":"Light Gray","version":1}