{"index":5,"color":{"r":0.039215686274509803,"b":1,"g":0.37647058823529411,"a":1},"parentId":"6646d8bd-6bf6-4371-88ab-92b820df7de5","name":"Blue","version":1}