{"index":4,"color":{"r":0.29803921568627451,"b":0.97254901960784312,"g":0.73333333333333328,"a":1},"parentId":"6646d8bd-6bf6-4371-88ab-92b820df7de5","name":"Teal Blue","version":1}